<?xml version="1.0" encoding="UTF-8" ?>
<!DOCTYPE mapper
        PUBLIC "-//mybatis.org//DTD Mapper 3.0//EN"
        "http://mybatis.org/dtd/mybatis-3-mapper.dtd">
<mapper namespace="com.rick.logindemo.mapper.DatasetMapper">
    <select id="getAllDataset" resultType="com.rick.logindemo.entity.Dataset">
        SELECT * FROM dataset
    </select>



    <select id="getDatasetPathByName" resultType="string">
        SELECT address FROM dataset WHERE name=#{name}
    </select>



    <select id="getDatasetById" resultType="com.rick.logindemo.entity.Dataset">
        SELECT * FROM dataset WHERE id=#{id}
    </select>



    <insert id="insertDataset" parameterType="com.rick.logindemo.entity.Dataset">
       INSERT INTO dataset(name, address, source, description, datasetName) value(#{name}, #{address}, #{source}, #{description}, #{datasetName})

    </insert>


    <update id="editDatasetById" parameterType="com.rick.logindemo.entity.Dataset">
        UPDATE dataset
        SET
        name = #{name},  address=#{address},
        source=#{source}, description=#{description}, datasetName=#{datasetName}
        WHERE id = #{id}
    </update>

    <delete id="deleteDatasetById">
        DELETE FROM dataset WHERE id=#{id}
    </delete>


</mapper>