<?xml version="1.0" encoding="UTF-8" ?>
<!DOCTYPE mapper
        PUBLIC "-//mybatis.org//DTD Mapper 3.0//EN"
        "http://mybatis.org/dtd/mybatis-3-mapper.dtd">
<mapper namespace="com.rick.logindemo.mapper.MyModelMapper">
    <select id="getAllModel" resultType="com.rick.logindemo.entity.MyModel">
        SELECT * FROM model
    </select>

    <select id="getModelBySource" resultType="com.rick.logindemo.entity.MyModel">
        SELECT * FROM model WHERE source = #{source}
    </select>

    <select id="getModelPathByName" resultType="string">
        SELECT address FROM model WHERE name=#{name}
    </select>




    <select id="getModelById" resultType="com.rick.logindemo.entity.MyModel">
        SELECT * FROM model WHERE id=#{id}
    </select>



    <insert id="insertModel" parameterType="com.rick.logindemo.entity.MyModel">
       INSERT INTO model(name,  address, source, description, modelName) value(#{name},  #{address},  #{source}, #{description},#{modelName})
    </insert>

    <update id="editModelById" parameterType="com.rick.logindemo.entity.MyModel">
        UPDATE model
        SET
        name = #{name},  address=#{address},
        source=#{source}, description=#{description}, modelName=#{modelName}
        WHERE id = #{id}
    </update>

    <delete id="deleteModelById">
        DELETE FROM model WHERE id=#{id}
    </delete>






</mapper>