<?xml version="1.0" encoding="UTF-8" ?>
<!DOCTYPE mapper
        PUBLIC "-//mybatis.org//DTD Mapper 3.0//EN"
        "http://mybatis.org/dtd/mybatis-3-mapper.dtd">
<mapper namespace="com.rick.logindemo.mapper.PaperMapper">
    <select id="getAllPaper" resultType="com.rick.logindemo.entity.Paper">
        SELECT * FROM paper
    </select>

    <select id="getPaperByReleaseTime" resultType="com.rick.logindemo.entity.Paper">
        SELECT * FROM paper WHERE releaseTime = #{releaseTime}
    </select>

    <select id="getPaperBySource" resultType="com.rick.logindemo.entity.Paper">
        SELECT * FROM paper WHERE source = #{source}
    </select>

    <select id="getPaperPathByName" resultType="string">
        SELECT address FROM paper WHERE name=#{name}
    </select>



    <select id="getPaperById" resultType="com.rick.logindemo.entity.Paper">
        SELECT * FROM paper WHERE id=#{id}
    </select>


    
    <insert id="insertPaper" parameterType="com.rick.logindemo.entity.Paper">
       INSERT INTO paper(name, author, address, releaseTime, source, description, paperName) value(#{name}, #{author}, #{address}, #{releaseTime}, #{source}, #{description}, #{paperName})

    </insert>


    <update id="editPaperById" parameterType="com.rick.logindemo.entity.Paper">
        UPDATE paper
        SET
        name = #{name}, author = #{author}, address=#{address}, releaseTime=#{releaseTime},
        source=#{source}, description=#{description}, paperName=#{paperName}
        WHERE id = #{id}
    </update>

    <delete id="deletePaperById">
        DELETE FROM paper WHERE id=#{id}
    </delete>


</mapper>